30 bp target sequence (4 bp + 20 bp Protospacer + PAM + 3 bp),Averge indel frequency (%),"Chromatin accessibility (1= DNase I hypersensitive sites, 0 = Dnase I non-sensitive sites)"
AGCCACTGCTGAACTCAGGGAGTCTGGTTC,73.4828292,0
TCTTTCACTTAGGAGAAGGCCCACAGGCTT,71.48150926,0
ACGGATCTGTTATAATACCAAGCCGGGAGC,61.79587322,0
GGGTTGAAGACTCTATTGGCCCGGGGGGCC,72.69379567,0
AGCAGCAGAGGAGCACGAGGATCGTGGGAG,74.06196043,0
ATGTCTTTCCGTGGTCGGTGGTAAAGGAGG,60.07776485,0
TCACTTGGCAAGGAAGATGGAAGTGGGGAC,71.26635428,0
CATTCAGTGGCTCTGCTATAAGGAGGGGAC,62.10776985,0
TCCCCGTCTTTCTGAACTGCTGGCTGGCCA,64.66241642,0
AGGGGCTTCCGGTTGCTGGGGTCCAGGCTG,54.77959049,0
CCCTCATGGTGCAGCTAAAGGCCCAGGAGC,80.10335781,0
ACGGCAGCTCCCTGGACGTGGGGATGGATG,68.08151456,0
CAAGGAGTTAACCCATATTTATAGGGGAGA,66.04404423,0
GCAGAGGAGAGAGCCGCCCTCGAGCGGAGC,64.29031675,0
TTCGCAGGAGGACACTAACCTCCCTGGGAT,61.15674102,0
CAGTGTCGTCCAGGGTGAAGATCACGGCAT,72.40887092,0
GGGGTGCGGCCAGTGGCCAGGGTTGGGCAG,42.20210205,0
AGCAGGTTCTGAGTTAGATGCAAAAGGCAT,74.38237819,0
CAGAAAATGGCCATTTCCACAACCTGGCTG,75.85554432,0
GAAAACAGAATTTGTTGAGGGCGATGGTCA,61.0122396,0
CCCACTCCCTCCCTCTCTTGGGCGTGGCTC,72.35749372,0
AGGAAGCAAACGAGCTGAAAGCCAGGGTTT,69.39509838,0
CATTTTCCCTGGTGAGCATGTCCAAGGCAT,84.37121793,0
CACTCTGCCCTGCCCTGCTGCAGATGGAGC,53.75109069,0
ACAATGGCTCGGGGTTCTGCAAAGCGGGCC,68.97853969,0
TGTTACCATGTGAAACAGGCTGGGGGGATG,85.11906054,0
AGGACTGAGCGCTCTCAGGCAGGAAGGGCG,72.69587751,0
TTTCAGTAATGTACTTACACATTTCGGCAA,67.28442741,0
GAAGCCCTCTCTCATGCAAGTGGGAGGATA,61.58250809,0
ATGCGAGAGATGTATGATAGGGCAGGGGAG,71.89586111,0
GCCATCTTCCTCAAGTTCATATCCTGGGTC,66.47453849,0
AAACTTGAGAGCTTTCATAAAGCTTGGCAA,28.63160786,0
TCACCATTTTCCAAAGGTACAATACGGGAA,51.03467795,0
AACCTTCCAGGTCCTAAAGATTTGGGGTTA,63.3726285,0
AGCGTTGCAGCATCAAGCATCACTGGGGGT,70.37509252,0
CATGCAGGCTGGTGGCGATGTTCTTGGCAG,64.67515274,0
GCTCCGAGAAATGCAGTCTTTCTTCGGCTT,43.33812155,0
CACGCTTTCCCCAGACCAGAACCGCGGGCC,85.80272741,1
ACAAACCTGTGGCTCTGATAAAAGTGGGTG,54.60266353,1
CCACAGGCTCAGCTGGCTTCAATATGGTAA,78.74207744,1
CTGTTCCCTTCGCCTTCCACACGATGGCAT,82.07987736,1
AGGCAGGTCCCGACAGACAGGGGGAGGGCA,74.0360011,1
GGCGAGGGGGCCGGGTGTGGGGGCTGGTCC,30.83176854,1
AGACACGAGGCCAGGCGCCCCTGCTGGATC,70.41322951,1
TGCAGAAACAGCTGATTCTAGGGTTGGGAC,71.2849177,1
TCAGGGCTGAACTAAAGCCTCCAGGGGGCC,73.89471637,1
GCGGTGGCTTCAGAGTTGCCGAAGTGGGCG,76.19250955,1
TTACACCCCCGGGGGAGAGAGCAGGGGCCC,59.1593101,1
GGTCTCACTCTAACCCGGGAGTGACGGGTC,77.7725257,1
GGAACGCGGGTTGCTCCTCCCCAGGGGAAG,79.23575743,1
TGCAAGGTGGCTGCTCCTAGTCACAGGGCC,73.84388988,1
GTTGTTCGGCGAGCTGGCCACTGGAGGGCA,65.62105806,1
GTGGATAAAGTGCTGGCGCAATCGCGGCAC,75.64231014,1
TAAGAGAGTGGTAATAGAAGTGCCAGGTAT,78.22319943,1
CATTCATGCACCGAACTGCGGGGACGGTTC,72.61449678,1
GGGACGAAGGGAAGCTCCAGCGTGTGGCCC,80.81086105,1
GGCAAGACAAACCCAGAGCTCCCCAGGGAC,79.71166084,1
CCCATCTTACAGATAGCGAAACTGAGGGGA,78.92066477,1
ACGCAAATTTCACTCTCATTTTACAGGCGA,18.42721692,1
GCCGCAGAACCTGAATGACGCCTACGGACC,77.11158497,1
GCCGGCGCCTGTGGCTTCTCTCAATGGAGG,39.19635567,1
CGATGGGGAGAGCCTTGGGACTGAGGGGCC,77.67800917,1