30 bp target sequence (4 bp + 20 bp Protospacer + PAM + 3 bp),Averge indel frequency (%),"Chromatin accessibility (1= DNase I hypersensitive sites, 0 = Dnase I non-sensitive sites)"
AGCAGGTTCTGAGTTAGATGCAAAAGGCAT,74.38237819,0
ATGCGAGAGATGTATGATAGGGCAGGGGAG,71.89586111,0
CAGCAGAGAGTTTACTAACATCCATGGTCT,76.12986713,0
TTTGTGGTGGTTGCTATGGTAATCCGGCAC,52.30385385,0
CAGTGTCGTCCAGGGTGAAGATCACGGCAT,72.40887092,0
AGGACTGAGCGCTCTCAGGCAGGAAGGGCG,72.69587751,0
AATTGTCTGAAATCAGATTCGAGCTGGAAC,60.09946281,0
AGCCACTGCTGAACTCAGGGAGTCTGGTTC,73.4828292,0
CATGCAGGCTGGTGGCGATGTTCTTGGCAG,64.67515274,0
TGCTTTCCCAGAGCTTCTGGGCCCAGGTCT,68.67678052,0
CCCAGCTCTCCTTAGGAGCAAGCAAGGGAG,66.14242304,0
AAACTTGAGAGCTTTCATAAAGCTTGGCAA,28.63160786,0
TATTCTTTCTATGCTTTGTCACCCAGGCTG,78.85199082,0
GTCGTTACTTGTCTGCAGGACGGCTGGTCC,58.98410187,0
GCAACGATGGGCTGCATGAGCCGCTGGACT,67.9706473,0
TCCAGGACCAGGACAACTCCACGTTGGCTT,74.19739446,0
ACAATGGCTCGGGGTTCTGCAAAGCGGGCC,68.97853969,0
AGATGACCCATGAGACCCTGTACTTGGCAG,79.77112123,0
GCTGTGAGATCTTTGACAGTCATTTGGCCC,29.23917545,0
TGGTCTCTCCCCATTTTGTGCTAAGGGTAG,6.380126437,0
GGACATGTGGGTCCCACATGATTGTGGTGT,70.6950241,0
TCCCCGTCTTTCTGAACTGCTGGCTGGCCA,64.66241642,0
GGGGTGCGGCCAGTGGCCAGGGTTGGGCAG,42.20210205,0
CATTTTCCCTGGTGAGCATGTCCAAGGCAT,84.37121793,0
GGATGTATTTGCCTCACTTTCTACTGGGGT,12.81216015,0
TTGAGTAGTTTGGGATCGACTTGGGGGTGC,70.77564376,0
GCATCTCCACTGACTTCACCTCAGTGGTGA,73.27169674,0
AGGGGCTTCCGGTTGCTGGGGTCCAGGCTG,54.77959049,0
CAATGTTCGTGATGACCAAAACCTGGGAAT,80.60719337,0
TCCGCCCACCGGGATCCCCTTCCCAGGTCC,35.27892388,0
TCTTTCACTTAGGAGAAGGCCCACAGGCTT,71.48150926,0
AGGAAGCAAACGAGCTGAAAGCCAGGGTTT,69.39509838,0
ACCACCTCAGAGACGTTGCAGTTGGGGTCG,72.62283237,0
CATTCAGTGGCTCTGCTATAAGGAGGGGAC,62.10776985,0
TCACCATTTTCCAAAGGTACAATACGGGAA,51.03467795,0
ACGGATCTGTTATAATACCAAGCCGGGAGC,61.79587322,0
TTTCAGTAATGTACTTACACATTTCGGCAA,67.28442741,0
GGTTAGGAAGGGCCCAGGACCGCCGGGGGC,69.94051812,1
CTCACCACGGCAGTTCGTAGTGGCCGGCGC,66.78429351,1
GCGGTGGCTTCAGAGTTGCCGAAGTGGGCG,76.19250955,1
TTACACCCCCGGGGGAGAGAGCAGGGGCCC,59.1593101,1
GTGGATAAAGTGCTGGCGCAATCGCGGCAC,75.64231014,1
GGAACGCGGGTTGCTCCTCCCCAGGGGAAG,79.23575743,1
GTTGTTCGGCGAGCTGGCCACTGGAGGGCA,65.62105806,1
GCCGGCGCCTGTGGCTTCTCTCAATGGAGG,39.19635567,1
GAGTTTGGAGACCCGGCAGCTCGCAGGGCT,71.73634722,1
ATCAGCAACCATTCCTTCAGCTCATGGGCA,61.99167373,1
TAAGAGAGTGGTAATAGAAGTGCCAGGTAT,78.22319943,1
GTGAGCCAGCACAGCCCCTTCCCTGGGCGG,62.74286026,1
GAACAAAATGATCAAATAACTAGGAGGGAT,70.95049449,1
AGCGCAGGGAGCCATTCGGGGCCCGGGCGG,75.70830153,1
GAGGAATCGGTTTGTGTGGGGTGGGGGTGG,71.79778057,1
TGCAAGGTGGCTGCTCCTAGTCACAGGGCC,73.84388988,1
CATTCATGCACCGAACTGCGGGGACGGTTC,72.61449678,1
AGGCAGGTCCCGACAGACAGGGGGAGGGCA,74.0360011,1
CTCCTGGTCCAGTGCCAGGGTCTTGGGGCT,64.86245195,1
AAGCCACTGGGCGGAAGTTTGCTGAGGGTC,72.96965993,1
TGCAGAAACAGCTGATTCTAGGGTTGGGAC,71.2849177,1
CTCCCTAAGCGTCGGGATTCCTGGCGGAAG,82.84720212,1
CTGTTCCCTTCGCCTTCCACACGATGGCAT,82.07987736,1
CCACAGGCTCAGCTGGCTTCAATATGGTAA,78.74207744,1
GGCAAGACAAACCCAGAGCTCCCCAGGGAC,79.71166084,1